Url,Page,Heading,Content
how-much-does-mini-skip-hire-cost, How much does mini skip hire cost?, What Can’t You Put in a Skip? ,"Similarly, using boards around the side of the skip in an attempt to increase its capability is illegal. Nevertheless, you'll discover that you can fit a lot more in your skip by separating items such as bed frames and cooking area units."
how-much-does-mini-skip-hire-cost, How much does mini skip hire cost?,How much does a skip permit cost? ,"If you have to position the skip on a public property or road, we can make the needed arrangements for obtaining a skip permit."
how-much-does-mini-skip-hire-cost, How much does mini skip hire cost?, Not sure what size skip you’ll need to hire? ,"Here I have actually included 9 top ideas of how to guarantee you keep the price of hiring a skip as low as possible. Skip hire CAN be easy, and it SHOULD be easy-- however through our 15 years experience this has shown to not constantly be the case! After all, companies just have numerous skips to lease. This report provides a breakdown of all waste we remove from site and the percentage of which we have actually recycled. Upon request, we can supply copies of our monthly waste recycling reports to validate that your waste has been recycled."
how-much-does-mini-skip-hire-cost, How much does mini skip hire cost?, How much does Skip Hire Cost? ,"For example, a skip expenses around 20% more in Birmingham than Leeds. The very same size skip would cost 30% more in Newcastle, 40% more in Bristol and 50% more in London. The cost depends upon the size of skip that you hire and likewise the type of waste you are putting in it."
how-much-does-mini-skip-hire-cost, How much does mini skip hire cost?, Construction & Domestic Skip Hire Prices,"They might not always relate to you, depending upon the type of skip you need and its use. 8 Lawn Builders Skip ₤ 220-- The most common skip for landscaping, garden waste, constructing tasks, and can be asked for with a slide bolt fall door for wheel barrow loads. To find out more about the different skip sizes readily available, have a look at our Skip Hire Size Guide."
how-much-does-mini-skip-hire-cost, How much does mini skip hire cost?, How do skip prices compare across the country?,Take a look at our Hastings sizes and prices for more details.
how-much-does-mini-skip-hire-cost, How much is a 2 yard skip hire?, What Can This Skip Be Used For? ,We look forward to hearing from you and offering you with terrific client service integrated with reliable experience. Skips are versatile containers that can hold many types of waste.
how-much-is-a-2-yard-skip-hire, How much is a 2 yard skip hire?, Choosing a Skip Hire Size ,"Our goal is primarily for you to experience a service that is quickly, hassle-free and productive. 'We just use regional skip companies which are licensed and regulated. We offer versatile skip hire choices up to 7 or 10 days, but we can provide longer term hire if you believe you'll need it. Our skips are typically 14 day hire, what can't I put in my skip? All skip hire services provided within Epping are operated from our Licensed Waste Transfer Center which offers internal treatment and transfer centers for all wastes collected. Any reliable skip business will be able to assist you making skip hire simple. Where will my skip be placed? Roadways, courses and pavements are all classified as highways, If your skip is being put on your property such as your garden, personal parking lot area or driveway you will therefore not require a permit. After all, firms just have numerous skips to rent. You ought to likewise think of the kind of waste that you wish to dispose of."
how-much-is-a-2-yard-skip-hire, How much is a 2 yard skip hire?,Cheap Skip Hire Prices,"Contact the least expensive company to book your skip direct. Below we have actually shown the price to hire a skip in addition to around how much rubbish they are capable of holding: Then you will be alleviated to know that our skip for hire services deliver to the whole of Essex. If you are wanting to hire a skip however are uncertain whether we deliver to you or you need more details on our inexpensive skip hire prices, then please feel free to call us. Whether you are searching for a tiny skip hire or are simply getting a basic concept and wanting to compare skip hire prices, we are more than happy to help."
how-much-is-a-2-yard-skip-hire, How much is a 2 yard skip hire?,Skip Hire Sizes,Please understand all sizes are approximate to be utilized as a quote and skips from various skip companies can vary in shapes and size.
how-much-is-a-2-yard-skip-hire, How much is a 2 yard skip hire?,Cheap 2 Yard Skip Hire,"2-yard skips are the tiniest and least expensive to hire, with prices typically varying from ₤ 60 to ₤ 100."
how-much-is-a-2-yard-skip-hire, How much is a 2 yard skip hire?, 8 Yard Skip Hire ,"Due to their little size, they are perfect for those who fret about where to put it. They can hold up to 16.25 wheelie bins of waste."
how-much-is-a-2-yard-skip-hire, How much is a 2 yard skip hire?,Other Skip Sizes,40-yard Skip Hire Are you in the market for a particular size of skip for your house clearance or construction job?
how-much-is-a-2-yard-skip-hire, How much is a 2 yard skip hire?,Prohibited Items You Cannot Put In The Yard Skip,It is not suitable for soil and rubble removal. The 18 yard skip is the largest we supply with the exception of our roll on roll off containers. If this size does not satisfy your requirements you might want to upgrade to the 3 yard skip.
how-much-is-a-2-yard-skip-hire, How much is a 2 yard skip hire?, What types of jobs are 2-yard skips useful for?,"Working with a small skip from us has actually never ever been much easier, and we think that whether you are in need of budget refuse removal or economical rates for waste clearance throughout our area, our mini skips and specialised services will provide you more than enough to clear house from."
